source,market,keyword,signal_name,signal_type,product_name,brand,price,rank,url,signal_score,confidence,notes,observed_at,artifact_type,artifact_uri,created_by_tool
Google Trends,US,gravel running shoes,Gravel running search momentum,search,,,,,https://trends.google.com/trends/explore?q=gravel+running&geo=US,0.85,high,"90-day rising trend, US",2025-09-01,json,app/retail_radar/data/seed_signals.json,seed_signals
Google Trends,US,bio dyneema fabric,Bio-Dyneema search momentum,search,,,,,https://trends.google.com/trends/explore?q=bio+dyneema&geo=US,0.78,high,"Steady rise, EU regulatory tailwind on bio-based materials",2025-08-15,json,app/retail_radar/data/seed_signals.json,seed_signals
Gear Media / Newspaper,Nordics,bio dyneema material story,Bio-based Dyneema feature,web,Norda 005,Norda,CHF 280,,https://outdoor-magazin.de/example,0.72,high,"Material story confirmed, DTC-only distribution",2025-09-20,json,app/retail_radar/data/seed_signals.json,seed_signals
Gear Media / Newspaper,US,gravel running shoe review,La Sportiva Prodigio 2 review,web,Prodigio 2,La Sportiva,$145,,https://gearjunkie.com/example-prodigio-2,0.7,high,"Named SKU, priced, reviewed, A-TPU foam confirmed spec",2025-11-03,json,app/retail_radar/data/seed_signals.json,seed_signals
Amazon Bestsellers,US,gravel running shoe,Keen Roam bestseller rank,marketplace,Keen Roam,Keen,$130,#8,https://amazon.com/best-sellers-sports-outdoors,0.65,medium,Bestseller rank #8 in category,2025-12-01,json,app/retail_radar/data/seed_signals.json,seed_signals
Galaxus / Digitec,CH,norda 005,Norda 005 CH listing,marketplace,Norda 005,Norda,CHF 280,,https://galaxus.ch/example,0.6,medium,"Online-only, DTC-only distribution model, single supplier",2026-02-10,json,app/retail_radar/data/seed_signals.json,seed_signals
Google Trends,US,ultralight bikepacking tent,Ultralight tent search momentum,search,,,,,https://trends.google.com/trends/explore?q=ultralight+tent&geo=US,0.6,medium,"Moderate growth, niche volume",2025-10-22,json,app/retail_radar/data/seed_signals.json,seed_signals
Reddit,US,gravel running,rtrailrunning gravel running thread,social,,Norda,,,https://reddit.com/r/trailrunning/comments/example,0.55,low,Community buzz,2025-10-12,json,app/retail_radar/data/seed_signals.json,seed_signals
Galaxus / Digitec,CH,ciele cap,Ciele caps CH availability,marketplace,Ciele GOCap,Ciele,CHF 38,,https://galaxus.ch/example-ciele,0.55,medium,"Very limited stock, low MOQ for retailers",2026-03-05,json,app/retail_radar/data/seed_signals.json,seed_signals
Google Trends,DE,gravel laufschuhe,Gravel running search momentum DE,search,,,,,https://trends.google.com/trends/explore?q=gravel+laufschuhe&geo=DE,0.5,medium,"Rising since 2026 Q2, DE -- DACH transferability evidence alongside CH",2026-05-01,json,app/retail_radar/data/seed_signals.json,seed_signals
Reddit,US,ciele hat,Ciele headwear mentions,social,Ciele GOCap,Ciele,$35,,https://reddit.com/r/running/comments/example,0.5,low,"Recurring brand mentions, low MOQ entry point",2025-11-15,json,app/retail_radar/data/seed_signals.json,seed_signals
Reddit,US,ultralight bikepacking gear,Ultralight bikepacking gear threads,social,,,,,https://reddit.com/r/bikepacking/comments/example,0.5,low,Niche but recurring community interest,2025-09-10,json,app/retail_radar/data/seed_signals.json,seed_signals
BFS (Swiss Federal Statistical Office),CH,bikepacking tourism,CH outdoor tourism growth stats,government,,,,,https://www.bfs.admin.ch/example,0.5,high,Official stats show growth in self-supported multi-day cycling tourism,2026-01-15,json,app/retail_radar/data/seed_signals.json,seed_signals
Gear Media / Newspaper,US,mycelium textile,Mycelium material press coverage,web,,,,,https://example-trade-press.com/mycelium,0.5,low,"Press release, R&D only, no retail SKU exists yet",2025-12-05,json,app/retail_radar/data/seed_signals.json,seed_signals
Google Trends,AT,gravel laufschuhe,Gravel running search momentum AT,search,,,,,https://trends.google.com/trends/explore?q=gravel+laufschuhe&geo=AT,0.45,medium,"Rising since 2026 Q2, AT -- DACH transferability evidence alongside CH",2026-05-01,json,app/retail_radar/data/seed_signals.json,seed_signals
Pinterest,US,satisfy running aesthetic,Satisfy Running lifestyle boards,social,,Satisfy,,,https://pinterest.com/example,0.45,low,Aesthetic/lifestyle signal only,2025-10-01,json,app/retail_radar/data/seed_signals.json,seed_signals
Google Trends,CH,gravel running schuhe,Gravel running search momentum,search,,,,,https://trends.google.com/trends/explore?q=gravel+running&geo=CH,0.4,medium,"Rising only since 2026 Q1, CH",2026-04-01,json,app/retail_radar/data/seed_signals.json,seed_signals
Transa,CH,bio dyneema,Transa assortment scan,competitor,,,,,https://transa.ch,0.3,medium,"Partially covered, online-only via brand DTC channel",2026-06-01,json,app/retail_radar/data/seed_signals.json,seed_signals
Reddit,US,mycelium gear,Speculative mycelium gear discussion,social,,,,,https://reddit.com/r/ultralight/comments/example,0.3,low,"Speculative discussion, no products referenced",2026-01-02,json,app/retail_radar/data/seed_signals.json,seed_signals
Google Trends,US,mycelium leather,Mycelium leather search interest,search,,,,,https://trends.google.com/trends/explore?q=mycelium+leather&geo=US,0.25,low,Low absolute volume,2025-12-10,json,app/retail_radar/data/seed_signals.json,seed_signals
Bachli Bergsport,CH,gravel running shoes,Bachli assortment scan,competitor,,,,,https://baechli-bergsport.ch,0.0,high,Not stocked at Bachli as of observed_at | also: https://transa.ch,2026-06-01,json,app/retail_radar/data/seed_signals.json,seed_signals
Ochsner Sport,CH,satisfy norda ciele,Ochsner assortment scan,competitor,,,,,https://ochsnersport.ch,0.0,high,Not stocked at Ochsner Sport as of observed_at,2026-06-01,json,app/retail_radar/data/seed_signals.json,seed_signals
Ochsner Sport,CH,ultralight bikepacking,Ochsner assortment scan,competitor,,,,,https://ochsnersport.ch,0.0,medium,"Not found, niche category",2026-06-01,json,app/retail_radar/data/seed_signals.json,seed_signals
Galaxus / Digitec,CH,mycelium textile,Galaxus catalog scan,marketplace,,,,,https://galaxus.ch,0.0,high,"Zero SKU found, no retail SKU exists yet",2026-06-01,json,app/retail_radar/data/seed_signals.json,seed_signals
Transa,CH,mycelium textile,Transa assortment scan,competitor,,,,,https://transa.ch,0.0,high,"No commercial product exists yet, R&D only, no retail SKU to stock",2026-06-01,json,app/retail_radar/data/seed_signals.json,seed_signals
